Czas_ms;Temperatura_C;Cisnienie_hPa
0;22.07;1012.86
500;22.14;1012.84
1000;22.22;1012.86
1500;22.29;1012.87
2000;22.38;1012.93
2500;22.46;1012.87
3000;22.54;1012.90
3500;22.62;1012.92
4000;22.71;1012.90
4500;22.80;1012.87
5000;22.89;1012.93
5500;22.97;1012.83
6000;23.07;1012.87
6500;23.16;1012.85
7000;23.24;1012.86
7500;23.34;1012.86
8000;23.43;1012.87
8500;23.51;1012.87
9000;23.61;1012.83
9500;23.71;1012.84
10000;23.79;1012.88
10500;23.89;1012.89
11000;23.99;1012.87
11500;24.08;1012.87
12000;24.19;1012.89
12500;24.29;1012.86
13000;24.40;1012.90
13500;24.48;1012.87
14000;24.59;1012.85
14500;24.69;1012.84
15000;24.79;1012.82
15500;24.91;1012.82
16000;25.02;1012.84
16500;25.11;1012.84
17000;25.22;1012.85
17500;25.34;1012.88
18000;25.44;1012.88
18500;25.56;1012.85
19000;25.69;1012.86
19500;25.79;1012.85
20000;25.91;1012.83
20500;26.03;1012.87
21000;26.13;1012.84
21500;26.26;1012.90
22000;26.37;1012.88
22500;26.47;1012.85
23000;26.59;1012.83
23500;26.73;1012.85
24000;26.82;1012.87
24500;26.94;1012.87
25000;27.05;1012.84
25500;27.16;1012.84
26000;27.28;1012.85
26500;27.41;1012.82
27000;27.51;1012.86
27500;27.64;1012.85
28000;27.77;1012.87
28500;27.88;1012.87
29000;28.00;1012.84
29500;28.13;1012.85
30000;28.24;1012.88
30500;28.37;1012.86
31000;28.49;1012.86
31500;28.60;1012.84
32000;28.73;1012.84
32500;28.84;1012.83
33000;28.96;1012.81
33500;29.09;1012.79
34000;29.19;1012.75
34500;29.32;1012.77
35000;29.46;1012.80
35500;29.56;1012.82
36000;29.68;1012.82
36500;29.81;1012.85
37000;29.92;1012.83
37500;30.06;1012.81
38000;30.17;1012.83
38500;30.29;1012.88
39000;30.41;1012.87
39500;30.51;1012.85
40000;30.63;1012.82
40500;30.75;1012.87
41000;30.86;1012.84
41500;30.99;1012.86
42000;31.09;1012.87
42500;31.21;1012.85
43000;31.33;1012.84
43500;31.44;1012.79
44000;31.57;1012.84
44500;31.68;1012.80
45000;31.79;1012.83
45500;31.92;1012.81
46000;32.03;1012.84
46500;32.15;1012.83
47000;32.25;1012.85
47500;32.37;1012.86
48000;32.49;1012.86
48500;32.60;1012.85
49000;32.74;1012.80
49500;32.85;1012.80
50000;32.99;1012.82
50500;33.12;1012.82
51000;33.25;1012.85
51500;33.36;1012.81
52000;33.46;1012.76
52500;33.57;1012.77
53000;33.69;1012.82
53500;33.80;1012.81
54000;33.92;1012.79
54500;34.02;1012.81
55000;34.13;1012.80
55500;34.25;1012.81
56000;34.35;1012.79
56500;34.47;1012.78
57000;34.59;1012.81
57500;34.70;1012.82
58000;34.78;1012.84
58500;34.90;1012.81
59000;35.01;1012.78
59500;35.11;1012.81
60000;35.23;1012.81
60500;35.33;1012.84
61000;35.44;1012.83
61500;35.54;1012.81
62000;35.65;1012.79
62500;35.77;1012.79
63000;35.86;1012.81
63500;35.98;1012.80
64000;36.08;1012.77
64500;36.22;1012.77
65000;36.33;1012.78
65500;36.45;1012.81
66000;36.55;1012.79
66500;36.64;1012.77
67000;36.76;1012.76
67500;36.86;1012.80
68000;36.96;1012.82
68500;37.06;1012.79
69000;37.17;1012.79
69500;37.26;1012.79
70000;37.39;1012.75
70500;37.50;1012.74
71000;37.62;1012.75
71500;37.74;1012.73
72000;37.83;1012.76
72500;37.94;1012.72
73000;38.05;1012.70
73500;38.15;1012.78
74000;38.24;1012.74
74500;38.36;1012.77
75000;38.44;1012.75
75500;38.54;1012.78
76000;38.63;1012.75
76500;38.74;1012.78
77000;38.83;1012.75
77500;38.94;1012.79
78000;39.04;1012.80
78500;39.13;1012.79
79000;39.22;1012.74
79500;39.32;1012.79
80000;39.42;1012.79
80500;39.50;1012.77
81000;39.61;1012.81
81500;39.70;1012.78
82000;39.79;1012.79
82500;39.87;1012.79
83000;39.98;1012.77
83500;40.07;1012.74
84000;40.18;1012.74
84500;40.26;1012.77
85000;40.36;1012.74
85500;40.44;1012.74
86000;40.54;1012.75
86500;40.63;1012.71
87000;40.73;1012.74
87500;40.81;1012.70
88000;40.91;1012.75
88500;41.00;1012.73
89000;41.10;1012.73
89500;41.18;1012.74
90000;41.28;1012.77
90500;41.36;1012.72
91000;41.45;1012.74
91500;41.54;1012.72
92000;41.63;1012.75
92500;41.71;1012.73
93000;41.81;1012.77
93500;41.91;1012.72
94000;42.00;1012.72
94500;42.10;1012.71
95000;42.20;1012.70
95500;42.29;1012.71
96000;42.39;1012.70
96500;42.48;1012.74
97000;42.58;1012.69
97500;42.67;1012.71
98000;42.79;1012.70
98500;42.86;1012.73
99000;42.93;1012.74
99500;43.01;1012.70
100000;43.09;1012.73
100500;43.18;1012.76
101000;43.28;1012.73
101500;43.36;1012.73
102000;43.45;1012.72
102500;43.52;1012.76
103000;43.60;1012.75
103500;43.67;1012.72
104000;43.76;1012.71
104500;43.82;1012.74
105000;43.89;1012.72
105500;43.97;1012.75
106000;44.06;1012.76
106500;44.14;1012.77
107000;44.21;1012.74
107500;44.27;1012.73
108000;44.35;1012.66
108500;44.42;1012.69
109000;44.48;1012.69
109500;44.57;1012.67
110000;44.64;1012.71
110500;44.73;1012.70
111000;44.80;1012.71
111500;44.88;1012.68
112000;44.94;1012.67
112500;45.02;1012.68
113000;45.09;1012.67
113500;45.17;1012.67
114000;45.24;1012.69
114500;45.32;1012.72
115000;45.38;1012.74
115500;45.45;1012.69
116000;45.54;1012.72
116500;45.61;1012.70
117000;45.70;1012.71
117500;45.77;1012.68
118000;45.85;1012.68
118500;45.91;1012.69
119000;46.00;1012.73
119500;46.06;1012.71
120000;46.13;1012.68
120500;46.20;1012.70
121000;46.27;1012.71
121500;46.36;1012.68
122000;46.43;1012.71
122500;46.51;1012.68
123000;46.58;1012.62
123500;46.66;1012.65
124000;46.73;1012.69
124500;46.80;1012.66
125000;46.85;1012.67
125500;46.93;1012.70
126000;47.01;1012.66
126500;47.09;1012.68
127000;47.17;1012.69
127500;47.24;1012.68
128000;47.32;1012.70
128500;47.37;1012.70
129000;47.44;1012.68
129500;47.50;1012.68
130000;47.56;1012.68
130500;47.64;1012.68
131000;47.71;1012.66
131500;47.78;1012.71
132000;47.85;1012.70
132500;47.92;1012.72
133000;47.98;1012.72
133500;48.04;1012.68
134000;48.10;1012.69
134500;48.17;1012.69
135000;48.24;1012.71
135500;48.30;1012.69
136000;48.37;1012.68
136500;48.43;1012.71
137000;48.51;1012.74
137500;48.57;1012.73
138000;48.63;1012.74
138500;48.69;1012.73
139000;48.75;1012.76
139500;48.80;1012.72
140000;48.87;1012.71
140500;48.94;1012.68
141000;49.01;1012.67
141500;49.06;1012.66
142000;49.16;1012.67
142500;49.23;1012.68
143000;49.29;1012.72
143500;49.34;1012.71
144000;49.38;1012.69
144500;49.43;1012.68
145000;49.50;1012.67
145500;49.56;1012.69
146000;49.61;1012.66
146500;49.66;1012.68
147000;49.72;1012.64
147500;49.79;1012.71
148000;49.84;1012.70
148500;49.90;1012.69
149000;49.95;1012.69
149500;50.00;1012.68
150000;50.05;1012.68
150500;50.11;1012.70
151000;50.17;1012.72
151500;50.22;1012.70
152000;50.27;1012.72
152500;50.33;1012.68
153000;50.39;1012.69
153500;50.44;1012.71
154000;50.50;1012.71
154500;50.55;1012.69
155000;50.60;1012.69
155500;50.66;1012.70
156000;50.71;1012.70
156500;50.78;1012.76
157000;50.83;1012.70
157500;50.89;1012.74
158000;50.96;1012.69
158500;51.01;1012.71
159000;51.07;1012.72
159500;51.12;1012.66
160000;51.18;1012.66
160500;51.23;1012.67
161000;51.29;1012.64
161500;51.35;1012.67
162000;51.42;1012.66
162500;51.48;1012.69
163000;51.53;1012.67
163500;51.58;1012.71
164000;51.61;1012.68
164500;51.65;1012.67
165000;51.70;1012.71
165500;51.74;1012.71
166000;51.77;1012.67
166500;51.83;1012.69
167000;51.89;1012.70
167500;52.01;1012.71
168000;52.14;1012.72
168500;52.25;1012.75
169000;52.28;1012.73
169500;52.30;1012.72
170000;52.34;1012.73
170500;52.37;1012.73
171000;52.41;1012.73
171500;52.44;1012.74
172000;52.46;1012.75
172500;52.50;1012.75
173000;52.53;1012.70
173500;52.57;1012.71
174000;52.60;1012.73
174500;52.65;1012.70
175000;52.70;1012.70
175500;52.74;1012.72
176000;52.78;1012.68
176500;52.83;1012.71
177000;52.91;1012.71
177500;52.98;1012.72
178000;53.03;1012.69
178500;53.08;1012.73
179000;53.13;1012.72
179500;53.19;1012.72
180000;53.24;1012.72
180500;53.28;1012.72
181000;53.33;1012.74
181500;53.37;1012.72
182000;53.41;1012.71
182500;53.44;1012.71
183000;53.48;1012.73
183500;53.51;1012.69
184000;53.55;1012.71
184500;53.60;1012.69
185000;53.65;1012.74
185500;53.69;1012.73
186000;53.74;1012.73
186500;53.80;1012.70
187000;53.84;1012.71
187500;53.89;1012.69
188000;53.93;1012.71
188500;53.97;1012.74
189000;54.01;1012.71
189500;54.06;1012.76
190000;54.10;1012.72
190500;54.15;1012.70
191000;54.19;1012.74
191500;54.25;1012.73
192000;54.28;1012.71
192500;54.32;1012.71
193000;54.37;1012.72
193500;54.40;1012.70
194000;54.44;1012.76
194500;54.46;1012.72
195000;54.50;1012.72
195500;54.53;1012.69
196000;54.57;1012.73
196500;54.60;1012.72
197000;54.64;1012.77
197500;54.67;1012.76
198000;54.71;1012.71
198500;54.76;1012.77
199000;54.79;1012.73
199500;54.84;1012.73
200000;54.89;1012.75
200500;54.93;1012.72
201000;54.97;1012.70
201500;55.01;1012.75
202000;55.04;1012.71
202500;55.08;1012.73
203000;55.11;1012.76
203500;55.15;1012.71
204000;55.22;1012.75
204500;55.26;1012.76
205000;55.28;1012.75
205500;55.31;1012.71
206000;55.35;1012.76
206500;55.38;1012.75
207000;55.42;1012.76
207500;55.45;1012.73
208000;55.49;1012.72
208500;55.53;1012.73
209000;55.58;1012.74
209500;55.60;1012.73
210000;55.64;1012.71
210500;55.67;1012.75
211000;55.69;1012.74
211500;55.74;1012.66
212000;55.77;1012.67
212500;55.81;1012.68
213000;55.85;1012.68
213500;55.90;1012.72
214000;55.93;1012.69
214500;55.96;1012.71
215000;55.99;1012.68
215500;56.03;1012.73
216000;56.06;1012.68
216500;56.09;1012.69
217000;56.14;1012.74
217500;56.18;1012.69
218000;56.21;1012.73
218500;56.24;1012.68
219000;56.28;1012.70
219500;56.31;1012.72
220000;56.36;1012.74
220500;56.39;1012.71
221000;56.42;1012.72
221500;56.44;1012.73
222000;56.47;1012.71
222500;56.53;1012.74
223000;56.58;1012.70
223500;56.61;1012.76
224000;56.64;1012.70
224500;56.68;1012.75
225000;56.71;1012.76
225500;56.74;1012.74
226000;56.77;1012.77
226500;56.82;1012.74
227000;56.85;1012.75
227500;56.91;1012.74
228000;56.96;1012.77
228500;56.99;1012.77
229000;57.02;1012.77
229500;57.04;1012.76
230000;57.07;1012.78
230500;57.10;1012.77
231000;57.12;1012.76
231500;57.15;1012.75
232000;57.17;1012.78
232500;57.20;1012.78
233000;57.24;1012.70
233500;57.28;1012.73
234000;57.30;1012.75
234500;57.33;1012.75
235000;57.37;1012.76
235500;57.44;1012.75
236000;57.49;1012.75
236500;57.53;1012.74
237000;57.57;1012.76
237500;57.58;1012.78
238000;57.60;1012.76
238500;57.63;1012.72
239000;57.66;1012.74
239500;57.68;1012.76
240000;57.70;1012.76
240500;57.73;1012.73
241000;57.78;1012.77
241500;57.80;1012.78
242000;57.82;1012.76
242500;57.84;1012.76
243000;57.86;1012.75
243500;57.88;1012.78
244000;57.90;1012.78
244500;57.93;1012.75
245000;57.95;1012.76
245500;57.96;1012.77
246000;57.98;1012.79
246500;58.02;1012.79
247000;58.07;1012.75
247500;58.10;1012.77
248000;58.13;1012.77
248500;58.14;1012.76
249000;58.16;1012.73
249500;58.18;1012.74
250000;58.19;1012.74
250500;58.21;1012.77
251000;58.23;1012.74
251500;58.25;1012.76
252000;58.27;1012.74
252500;58.30;1012.72
253000;58.32;1012.70
253500;58.34;1012.74
254000;58.34;1012.74
254500;58.37;1012.76
255000;58.39;1012.76
255500;58.41;1012.74
256000;58.43;1012.79
256500;58.46;1012.73
257000;58.47;1012.75
257500;58.50;1012.75
258000;58.52;1012.73
258500;58.54;1012.71
259000;58.56;1012.77
259500;58.58;1012.76
260000;58.60;1012.74
260500;58.63;1012.75
261000;58.66;1012.72
261500;58.68;1012.70
262000;58.70;1012.73
262500;58.74;1012.73
263000;58.77;1012.72
263500;58.80;1012.71
264000;58.84;1012.73
264500;58.87;1012.75
265000;58.91;1012.75
265500;58.95;1012.73
266000;58.98;1012.72
266500;59.01;1012.72
267000;59.04;1012.76
267500;59.07;1012.75
268000;59.08;1012.78
268500;59.10;1012.73
269000;59.11;1012.74
269500;59.13;1012.73
270000;59.15;1012.77
270500;59.17;1012.76
271000;59.20;1012.73
271500;59.24;1012.74
272000;59.27;1012.79
272500;59.29;1012.80
273000;59.32;1012.78
273500;59.34;1012.79
274000;59.36;1012.79
274500;59.38;1012.80
275000;59.42;1012.80
275500;59.46;1012.79
276000;59.48;1012.81
276500;59.51;1012.78
277000;59.52;1012.77
277500;59.54;1012.77
278000;59.57;1012.75
278500;59.60;1012.77
279000;59.64;1012.74
279500;59.67;1012.73
280000;59.70;1012.72
280500;59.73;1012.76
281000;59.77;1012.75
281500;59.79;1012.75
282000;59.80;1012.75
282500;59.82;1012.76
283000;59.84;1012.78
283500;59.86;1012.78
284000;59.90;1012.78
284500;59.92;1012.78
285000;59.94;1012.76
285500;59.97;1012.75
286000;59.99;1012.74
286500;60.02;1012.76
287000;60.03;1012.78
287500;60.05;1012.76
288000;60.08;1012.80
288500;60.10;1012.75
289000;60.11;1012.77
289500;60.12;1012.74
290000;60.14;1012.76
290500;60.15;1012.76
291000;60.16;1012.72
291500;60.19;1012.78
292000;60.21;1012.76
292500;60.23;1012.75
293000;60.25;1012.72
293500;60.26;1012.74
294000;60.29;1012.74
294500;60.32;1012.78
295000;60.35;1012.77
295500;60.37;1012.74
296000;60.38;1012.73
296500;60.40;1012.70
297000;60.43;1012.71
297500;60.45;1012.70
298000;60.49;1012.72
298500;60.52;1012.70
299000;60.55;1012.74
299500;60.59;1012.75
300000;60.61;1012.72
300500;60.61;1012.74
301000;60.62;1012.75
301500;60.64;1012.73
302000;60.65;1012.73
302500;60.66;1012.73
303000;60.70;1012.74
303500;60.73;1012.71
304000;60.73;1012.72
304500;60.74;1012.72
305000;60.74;1012.71
305500;60.76;1012.73
306000;60.77;1012.73
306500;60.78;1012.75
307000;60.78;1012.74
307500;60.79;1012.73
308000;60.80;1012.73
308500;60.82;1012.74
309000;60.84;1012.74
309500;60.86;1012.71
310000;60.88;1012.69
310500;60.90;1012.73
311000;60.93;1012.73
311500;60.97;1012.75
312000;61.00;1012.68
312500;61.04;1012.72
313000;61.07;1012.70
313500;61.08;1012.73
314000;61.11;1012.71
314500;61.14;1012.75
315000;61.15;1012.72
315500;61.17;1012.75
316000;61.19;1012.73
316500;61.22;1012.75
317000;61.23;1012.74
317500;61.25;1012.78
318000;61.28;1012.74
318500;61.30;1012.77
319000;61.33;1012.77
319500;61.34;1012.73
320000;61.36;1012.78
320500;61.39;1012.75
321000;61.40;1012.73
321500;61.41;1012.75
322000;61.44;1012.74
322500;61.47;1012.76
323000;61.48;1012.77
323500;61.51;1012.77
324000;61.54;1012.74
324500;61.56;1012.75
325000;61.58;1012.76
325500;61.59;1012.77
326000;61.61;1012.76
326500;61.63;1012.77
327000;61.65;1012.78
327500;61.66;1012.78
328000;61.68;1012.77
328500;61.71;1012.78
329000;61.73;1012.79
329500;61.74;1012.80
330000;61.76;1012.77
330500;61.78;1012.75
331000;61.81;1012.80
331500;61.82;1012.75
332000;61.84;1012.78
332500;61.86;1012.79
333000;61.88;1012.76
333500;61.91;1012.75
334000;61.93;1012.78
334500;61.94;1012.77
335000;61.95;1012.78
335500;61.98;1012.77
336000;62.01;1012.75
336500;62.02;1012.78
337000;62.03;1012.77
337500;62.06;1012.75
338000;62.07;1012.80
338500;62.08;1012.74
339000;62.09;1012.76
339500;62.11;1012.77
340000;62.12;1012.74
340500;62.14;1012.77
341000;62.16;1012.75
341500;62.17;1012.77
342000;62.18;1012.76
342500;62.21;1012.83
343000;62.23;1012.78
343500;62.25;1012.79
344000;62.27;1012.77
344500;62.29;1012.74
345000;62.31;1012.81
345500;62.32;1012.78
346000;62.33;1012.76
346500;62.34;1012.77
347000;62.35;1012.75
347500;62.38;1012.77
348000;62.39;1012.74
348500;62.41;1012.79
349000;62.42;1012.78
349500;62.43;1012.77
350000;62.44;1012.80
350500;62.45;1012.78
351000;62.48;1012.78
351500;62.48;1012.76
352000;62.49;1012.79
352500;62.49;1012.79
353000;62.50;1012.78
353500;62.50;1012.77
354000;62.51;1012.76
354500;62.53;1012.81
355000;62.54;1012.77
355500;62.56;1012.79
356000;62.57;1012.82
356500;62.59;1012.80
357000;62.61;1012.78
357500;62.63;1012.76
358000;62.65;1012.78
358500;62.66;1012.78
359000;62.68;1012.82
359500;62.70;1012.80
360000;62.72;1012.78
360500;62.73;1012.79
361000;62.75;1012.79
361500;62.75;1012.75
362000;62.76;1012.80
362500;62.77;1012.78
363000;62.78;1012.75
363500;62.79;1012.80
364000;62.81;1012.76
364500;62.83;1012.77
365000;62.83;1012.76
365500;62.85;1012.77
366000;62.87;1012.78
366500;62.88;1012.78
367000;62.90;1012.78
367500;62.92;1012.76
368000;62.93;1012.76
368500;62.94;1012.76
369000;62.96;1012.76
369500;62.98;1012.75
370000;63.00;1012.77
370500;63.02;1012.81
371000;63.03;1012.76
371500;63.04;1012.79
372000;63.05;1012.79
372500;63.09;1012.77
373000;63.09;1012.75
373500;63.10;1012.81
374000;63.11;1012.78
374500;63.13;1012.78
375000;63.14;1012.79
375500;63.16;1012.74
376000;63.18;1012.74
376500;63.20;1012.77
377000;63.22;1012.74
377500;63.23;1012.78
378000;63.23;1012.77
378500;63.24;1012.74
379000;63.26;1012.76
379500;63.26;1012.80
380000;63.28;1012.77
380500;63.28;1012.79
381000;63.30;1012.77
381500;63.31;1012.77
382000;63.32;1012.75
382500;63.33;1012.77
383000;63.35;1012.81
383500;63.37;1012.78
384000;63.38;1012.79
384500;63.39;1012.76
385000;63.41;1012.73
385500;63.41;1012.78
386000;63.43;1012.76
386500;63.46;1012.79
387000;63.47;1012.75
387500;63.49;1012.77
388000;63.51;1012.75
388500;63.54;1012.77
389000;63.55;1012.77
389500;63.56;1012.74
390000;63.56;1012.77
390500;63.56;1012.78
391000;63.56;1012.75
391500;63.57;1012.78
392000;63.58;1012.73
392500;63.60;1012.78
393000;63.64;1012.76
393500;63.66;1012.75
394000;63.67;1012.77
394500;63.66;1012.77
395000;63.66;1012.76
395500;63.66;1012.77
396000;63.66;1012.77
396500;63.67;1012.80
397000;63.68;1012.78
397500;63.69;1012.76
398000;63.71;1012.75
398500;63.72;1012.79
399000;63.73;1012.81
399500;63.74;1012.80
400000;63.75;1012.79
400500;63.76;1012.81
401000;63.77;1012.77
401500;63.78;1012.81
402000;63.79;1012.78
402500;63.80;1012.80
403000;63.82;1012.81
403500;63.83;1012.80
404000;63.84;1012.80
404500;63.86;1012.82
405000;63.87;1012.79
405500;63.88;1012.80
406000;63.90;1012.79
406500;63.91;1012.80
407000;63.92;1012.80
407500;63.93;1012.79
408000;63.94;1012.77
408500;63.95;1012.81
409000;63.96;1012.81
409500;63.97;1012.83
410000;63.99;1012.79
410500;64.00;1012.78
411000;64.00;1012.78
411500;64.01;1012.80
412000;64.03;1012.79
412500;64.05;1012.83
413000;64.05;1012.82
413500;64.06;1012.81
414000;64.06;1012.80
414500;64.07;1012.81
415000;64.09;1012.78
415500;64.09;1012.82
416000;64.11;1012.78
416500;64.12;1012.81
417000;64.13;1012.77
417500;64.13;1012.80
418000;64.14;1012.81
418500;64.16;1012.81
419000;64.17;1012.79
419500;64.19;1012.81
420000;64.19;1012.82
420500;64.19;1012.79
421000;64.21;1012.82
421500;64.23;1012.78
422000;64.25;1012.78
422500;64.27;1012.76
423000;64.27;1012.80
423500;64.26;1012.78
424000;64.25;1012.78
424500;64.27;1012.77
425000;64.30;1012.80
425500;64.31;1012.81
426000;64.31;1012.82
426500;64.31;1012.82
427000;64.29;1012.83
427500;64.29;1012.82
428000;64.31;1012.84
428500;64.33;1012.79
429000;64.33;1012.81
429500;64.31;1012.78
430000;64.31;1012.80
430500;64.33;1012.80
431000;64.34;1012.80
431500;64.36;1012.79
432000;64.35;1012.80
432500;64.35;1012.80
433000;64.35;1012.79
433500;64.36;1012.76
434000;64.36;1012.77
434500;64.36;1012.77
435000;64.37;1012.79
435500;64.37;1012.79
436000;64.37;1012.80
436500;64.38;1012.78
437000;64.40;1012.80
437500;64.40;1012.78
438000;64.40;1012.77
438500;64.42;1012.79
439000;64.43;1012.83
439500;64.44;1012.80
440000;64.44;1012.82
440500;64.45;1012.79
441000;64.46;1012.80
441500;64.46;1012.78
442000;64.45;1012.81
442500;64.45;1012.82
443000;64.46;1012.81
443500;64.46;1012.79
444000;64.48;1012.81
444500;64.50;1012.77
445000;64.51;1012.79
445500;64.51;1012.78
446000;64.52;1012.82
446500;64.52;1012.82
447000;64.53;1012.79
447500;64.55;1012.79
448000;64.56;1012.77
448500;64.56;1012.80
449000;64.56;1012.80
449500;64.57;1012.79
450000;64.59;1012.78
450500;64.60;1012.79
451000;64.61;1012.80
451500;64.61;1012.78
452000;64.64;1012.79
452500;64.65;1012.82
453000;64.66;1012.80
453500;64.66;1012.82
454000;64.66;1012.77
454500;64.67;1012.82
455000;64.69;1012.81
455500;64.69;1012.81
456000;64.70;1012.79
456500;64.74;1012.77
457000;64.76;1012.79
457500;64.78;1012.82
458000;64.78;1012.82
458500;64.79;1012.83
459000;64.81;1012.78
459500;64.83;1012.82
460000;64.84;1012.80
460500;64.86;1012.78
461000;64.88;1012.85
461500;64.90;1012.79
462000;64.93;1012.76
462500;64.94;1012.76
463000;64.95;1012.76
463500;64.95;1012.77
464000;64.95;1012.76
464500;64.96;1012.76
465000;65.00;1012.76
465500;65.00;1012.74
466000;65.01;1012.76
466500;65.02;1012.77
467000;65.02;1012.77
467500;65.01;1012.80
468000;65.01;1012.79
468500;65.03;1012.80
469000;65.05;1012.79
469500;65.05;1012.77
470000;65.07;1012.79
470500;65.08;1012.77
471000;65.09;1012.81
471500;65.10;1012.77
472000;65.13;1012.80
472500;65.15;1012.77
473000;65.16;1012.74
473500;65.17;1012.71
474000;65.19;1012.72
474500;65.20;1012.76
475000;65.18;1012.76
475500;65.19;1012.73
476000;65.21;1012.75
476500;65.24;1012.78
477000;65.25;1012.76
477500;65.25;1012.75
478000;65.27;1012.75
478500;65.28;1012.72
479000;65.28;1012.76
479500;65.27;1012.76
480000;65.25;1012.75
480500;65.25;1012.74
481000;65.25;1012.72
481500;65.27;1012.74
482000;65.28;1012.76
482500;65.29;1012.75
483000;65.31;1012.73
483500;65.33;1012.72
484000;65.34;1012.74
484500;65.33;1012.74
485000;65.31;1012.74
485500;65.32;1012.73
486000;65.34;1012.73
486500;65.34;1012.73
487000;65.34;1012.72
487500;65.34;1012.73
488000;65.35;1012.77
488500;65.36;1012.76
489000;65.38;1012.77
489500;65.40;1012.76
490000;65.41;1012.76
490500;65.42;1012.76
491000;65.42;1012.74
491500;65.43;1012.74
492000;65.43;1012.72
492500;65.44;1012.75
493000;65.46;1012.74
493500;65.47;1012.78
494000;65.49;1012.77
494500;65.48;1012.76
495000;65.50;1012.75
495500;65.52;1012.78
496000;65.53;1012.76
496500;65.54;1012.75
497000;65.53;1012.75
497500;65.52;1012.75
498000;65.53;1012.76
498500;65.54;1012.73
499000;65.54;1012.74
499500;65.54;1012.77
500000;65.57;1012.75
500500;65.60;1012.81
501000;65.62;1012.79
501500;65.62;1012.79
502000;65.63;1012.78
502500;65.63;1012.78
503000;65.65;1012.80
503500;65.65;1012.81
504000;65.65;1012.80
504500;65.67;1012.83
505000;65.68;1012.79
505500;65.69;1012.77
506000;65.70;1012.77
506500;65.70;1012.79
507000;65.69;1012.77
507500;65.70;1012.77
508000;65.71;1012.82
508500;65.71;1012.80
509000;65.73;1012.77
509500;65.73;1012.79
510000;65.75;1012.77
510500;65.76;1012.79
511000;65.77;1012.76
511500;65.79;1012.78
512000;65.81;1012.76
512500;65.81;1012.76
513000;65.82;1012.76
513500;65.82;1012.77
514000;65.82;1012.77
514500;65.83;1012.78
515000;65.84;1012.79
515500;65.84;1012.78
516000;65.86;1012.74
516500;65.87;1012.75
517000;65.87;1012.76
517500;65.87;1012.77
518000;65.87;1012.76
518500;65.87;1012.79
519000;65.88;1012.78
519500;65.88;1012.77
520000;65.88;1012.77
520500;65.89;1012.75
521000;65.89;1012.74
521500;65.90;1012.79
522000;65.92;1012.75
522500;65.93;1012.76
523000;65.94;1012.74
523500;65.95;1012.79
524000;65.96;1012.77
524500;65.97;1012.77
525000;65.99;1012.78
525500;65.99;1012.77
526000;65.98;1012.75
526500;65.97;1012.79
527000;65.96;1012.74
527500;65.97;1012.77
528000;65.96;1012.77
528500;65.96;1012.74
529000;65.98;1012.74
529500;65.99;1012.80
530000;66.00;1012.79
530500;66.02;1012.79
531000;66.02;1012.78
531500;66.03;1012.78
532000;66.03;1012.77
532500;66.06;1012.76
533000;66.07;1012.75
533500;66.08;1012.80
534000;66.09;1012.79
534500;66.09;1012.80
535000;66.10;1012.79
535500;66.10;1012.78
536000;66.11;1012.77
536500;66.12;1012.80
537000;66.11;1012.76
537500;66.11;1012.76
538000;66.11;1012.78
538500;66.12;1012.79
539000;66.12;1012.79
539500;66.13;1012.77
540000;66.13;1012.79
540500;66.14;1012.77
541000;66.14;1012.77
541500;66.16;1012.77
542000;66.17;1012.77
542500;66.17;1012.78
543000;66.17;1012.78
543500;66.18;1012.74
544000;66.17;1012.77
544500;66.18;1012.83
545000;66.19;1012.79
545500;66.20;1012.79
546000;66.20;1012.76
546500;66.20;1012.79
547000;66.23;1012.79
547500;66.24;1012.77
548000;66.25;1012.79
548500;66.26;1012.76
549000;66.28;1012.78
549500;66.30;1012.78
550000;66.31;1012.79
550500;66.33;1012.79
551000;66.33;1012.81
551500;66.34;1012.80
551698;66.36;1012.81
552181;66.38;1012.76
552681;66.40;1012.77
553181;66.42;1012.82
553681;66.42;1012.81
554181;66.44;1012.82
554681;66.45;1012.82
555181;66.45;1012.81
555681;66.45;1012.81
556181;66.47;1012.82
556681;66.48;1012.83
557181;66.48;1012.81
